IndexSKU,Index Date,Index Sku,Index,Facility Name,Value,Metric
0,0,67005400,2,EMEA,687.06,Unit
0,1,67005400,2,EMEA,687.06,Unit
0,2,67005400,2,EMEA,680.97,Unit
0,3,67005400,2,EMEA,675.42,Unit
0,4,67005400,2,EMEA,673.3,Unit
0,5,67005400,2,EMEA,676.85,Unit
0,6,67005400,2,EMEA,671,Unit
0,7,67005400,2,EMEA,672.4,Unit
0,8,67005400,2,EMEA,654.5,Unit
0,9,67005400,2,EMEA,663.89,Unit
0,10,67005400,2,EMEA,663.2,Unit
0,11,67005400,2,EMEA,657.2,Unit
0,12,67005400,2,EMEA,658.42,Unit
0,13,67005400,2,EMEA,653.63,Unit
0,14,67005400,2,EMEA,651.61,Unit
0,15,67005400,2,EMEA,639.21,Unit
0,16,67005400,2,EMEA,629.66,Unit
0,17,67005400,2,EMEA,625.03,Unit
0,18,67005400,2,EMEA,605.72,Unit
0,19,67005400,2,EMEA,610.97,Unit
0,20,67005400,2,EMEA,609.44,Unit
0,21,67005400,2,EMEA,611.41,Unit
0,22,67005400,2,EMEA,611.35,Unit
0,23,67005400,2,EMEA,589.92,Unit
0,24,67005400,2,EMEA,585.32,Unit
0,25,67005400,2,EMEA,590.2,Unit
0,26,67005400,2,EMEA,589.92,Unit
0,27,67005400,2,EMEA,588.94,Unit
0,28,67005400,2,EMEA,591.74,Unit
0,29,67005400,2,EMEA,579.11,Unit
0,30,67005400,2,EMEA,593.09,Unit
0,31,67005400,2,EMEA,592.33,Unit
0,32,67005400,2,EMEA,593.89,Unit
0,33,67005400,2,EMEA,565.06,Unit
0,34,67005400,2,EMEA,570.61,Unit
0,35,67005400,2,EMEA,576.17,Unit
0,36,67005400,2,EMEA,577.75,Unit
0,37,67005400,2,EMEA,565.65,Unit
0,38,67005400,2,EMEA,571.8,Unit
0,39,67005400,2,EMEA,597.75,Unit
0,40,67005400,2,EMEA,605.24,Unit
0,41,67005400,2,EMEA,672.76,Unit
0,42,67005400,2,EMEA,699.65,Unit
0,43,67005400,2,EMEA,696.82,Unit
0,44,67005400,2,EMEA,682.41,Unit
0,45,67005400,2,EMEA,696.82,Unit
0,46,67005400,2,EMEA,703.37,Unit
0,47,67005400,2,EMEA,709.53,Unit
0,48,67005400,2,EMEA,684.22,Unit
0,49,67005400,2,EMEA,683.51,Unit
0,50,67005400,2,EMEA,677.65,Unit
0,51,67005400,2,EMEA,682.41,Unit
0,52,67005400,2,EMEA,661.89,Unit
0,53,67005400,2,EMEA,646.98,Unit
0,54,67005400,2,EMEA,643.69,Unit
0,55,67005400,2,EMEA,633.15,Unit
0,56,67005400,2,EMEA,645.22,Unit
0,57,67005400,2,EMEA,646.96,Unit
0,58,67005400,2,EMEA,650.15,Unit
0,59,67005400,2,EMEA,643.61,Unit
0,60,67005400,2,EMEA,643.7,Unit
0,61,67005400,2,EMEA,647.78,Unit
0,62,67005400,2,EMEA,644.23,Unit
0,63,67005400,2,EMEA,625.02,Unit
0,64,67005400,2,EMEA,559.88,Unit
0,65,67005400,2,EMEA,565.74,Unit
0,66,67005400,2,EMEA,575.02,Unit
0,67,67005400,2,EMEA,527.27,Unit
0,68,67005400,2,EMEA,548.5,Unit
0,69,67005400,2,EMEA,549.68,Unit
0,70,67005400,2,EMEA,544,Unit
0,71,67005400,2,EMEA,552.34,Unit
0,72,67005400,2,EMEA,551.72,Unit
0,73,67005400,2,EMEA,547.38,Unit
0,74,67005400,2,EMEA,532.3,Unit
0,75,67005400,2,EMEA,536.76,Unit
0,76,67005400,2,EMEA,530.71,Unit
0,77,67005400,2,EMEA,527.27,Unit
0,78,67005400,2,EMEA,532.27,Unit
0,79,67005400,2,EMEA,524.15,Unit
0,80,67005400,2,EMEA,534.61,Unit
0,81,67005400,2,EMEA,542.29,Unit
0,82,67005400,2,EMEA,539.41,Unit
0,83,67005400,2,EMEA,531.16,Unit
0,84,67005400,2,EMEA,533.06,Unit
0,85,67005400,2,EMEA,532.56,Unit
0,86,67005400,2,EMEA,533.05,Unit
0,87,67005400,2,EMEA,552.76,Unit
0,88,67005400,2,EMEA,604.32,Unit
0,89,67005400,2,EMEA,554.32,Unit
0,90,67005400,2,EMEA,554.32,Unit
0,91,67005400,2,EMEA,567.71,Unit
0,92,67005400,2,EMEA,570.18,Unit
0,93,67005400,2,EMEA,569.04,Unit
0,94,67005400,2,EMEA,562.9,Unit
0,95,67005400,2,EMEA,564.65,Unit
0,96,67005400,2,EMEA,564.41,Unit
0,97,67005400,2,EMEA,563.82,Unit
0,98,67005400,2,EMEA,565.79,Unit
0,99,67005400,2,EMEA,583.38,Unit
0,100,67005400,2,EMEA,585.17,Unit
0,101,67005400,2,EMEA,561,Unit
0,102,67005400,2,EMEA,565.18,Unit
0,103,67005400,2,EMEA,562.88,Unit
0,104,67005400,2,EMEA,570.12,Unit
0,105,67005400,2,EMEA,604.32,Unit
0,106,67005400,2,EMEA,613.35,Unit
0,107,67005400,2,EMEA,615.73,Unit
0,108,67005400,2,EMEA,518.47,Unit
0,109,67005400,2,EMEA,522.29,Unit
0,110,67005400,2,EMEA,522.29,Unit
0,111,67005400,2,EMEA,521.23,Unit
0,112,67005400,2,EMEA,522.71,Unit
0,113,67005400,2,EMEA,514.82,Unit
0,114,67005400,2,EMEA,525.85,Unit
0,115,67005400,2,EMEA,531.28,Unit
0,116,67005400,2,EMEA,530.52,Unit
0,117,67005400,2,EMEA,527.74,Unit
0,118,67005400,2,EMEA,536.2,Unit
0,119,67005400,2,EMEA,535.17,Unit
0,120,67005400,2,EMEA,538.41,Unit
0,121,67005400,2,EMEA,531.58,Unit
0,122,67005400,2,EMEA,532.29,Unit
0,123,67005400,2,EMEA,525.83,Unit
0,124,67005400,2,EMEA,518.2,Unit
0,125,67005400,2,EMEA,522.38,Unit
0,126,67005400,2,EMEA,522.3,Unit
0,127,67005400,2,EMEA,535.08,Unit
0,128,67005400,2,EMEA,538.17,Unit
0,129,67005400,2,EMEA,536.24,Unit
0,130,67005400,2,EMEA,536.8,Unit
0,131,67005400,2,EMEA,549.19,Unit
0,132,67005400,2,EMEA,542.55,Unit
0,133,67005400,2,EMEA,550.94,Unit
0,134,67005400,2,EMEA,542.55,Unit
0,135,67005400,2,EMEA,592.02,Unit
0,136,67005400,2,EMEA,598.58,Unit
0,137,67005400,2,EMEA,551.02,Unit
0,138,67005400,2,EMEA,597.32,Unit
1,0,504606X,2,EMEA,1603.1,Unit
1,1,504606X,2,EMEA,1603.1,Unit
1,2,504606X,2,EMEA,1582.73,Unit
1,3,504606X,2,EMEA,1632.05,Unit
1,4,504606X,2,EMEA,1639.39,Unit
1,5,504606X,2,EMEA,1648.71,Unit
1,6,504606X,2,EMEA,1609.17,Unit
1,7,504606X,2,EMEA,1625.23,Unit
1,8,504606X,2,EMEA,1606.97,Unit
1,9,504606X,2,EMEA,1624.16,Unit
1,10,504606X,2,EMEA,1592.87,Unit
1,11,504606X,2,EMEA,1578.19,Unit
1,12,504606X,2,EMEA,1580.07,Unit
1,13,504606X,2,EMEA,1554.02,Unit
1,14,504606X,2,EMEA,1546.52,Unit
1,15,504606X,2,EMEA,1563.33,Unit
1,16,504606X,2,EMEA,1552.35,Unit
1,17,504606X,2,EMEA,1549.62,Unit
1,18,504606X,2,EMEA,1546.44,Unit
1,19,504606X,2,EMEA,1759.47,Unit
1,20,504606X,2,EMEA,1826.82,Unit
1,21,504606X,2,EMEA,1813.64,Unit
1,22,504606X,2,EMEA,1806.75,Unit
1,23,504606X,2,EMEA,1734.09,Unit
1,24,504606X,2,EMEA,1567.96,Unit
1,25,504606X,2,EMEA,1826.21,Unit
1,26,504606X,2,EMEA,1734.09,Unit
1,27,504606X,2,EMEA,1808.63,Unit
1,28,504606X,2,EMEA,1740.91,Unit
1,29,504606X,2,EMEA,1803.18,Unit
1,30,504606X,2,EMEA,1912.43,Unit
1,31,504606X,2,EMEA,1914.55,Unit
1,32,504606X,2,EMEA,1927.96,Unit
1,33,504606X,2,EMEA,1523.1,Unit
1,34,504606X,2,EMEA,1724.47,Unit
1,35,504606X,2,EMEA,1756.6,Unit
1,36,504606X,2,EMEA,1604.24,Unit
1,37,504606X,2,EMEA,1892.57,Unit
1,38,504606X,2,EMEA,1916.29,Unit
1,39,504606X,2,EMEA,1829.85,Unit
1,40,504606X,2,EMEA,1839.24,Unit
1,41,504606X,2,EMEA,1859.17,Unit
1,42,504606X,2,EMEA,1849.84,Unit
1,43,504606X,2,EMEA,1841.28,Unit
1,44,504606X,2,EMEA,1961.89,Unit
1,45,504606X,2,EMEA,1841.28,Unit
1,46,504606X,2,EMEA,1978.34,Unit
1,47,504606X,2,EMEA,1934.24,Unit
1,48,504606X,2,EMEA,1889.62,Unit
1,49,504606X,2,EMEA,1949.24,Unit
1,50,504606X,2,EMEA,1889.16,Unit
1,51,504606X,2,EMEA,1961.89,Unit
1,52,504606X,2,EMEA,1883.18,Unit
1,53,504606X,2,EMEA,1816.89,Unit
1,54,504606X,2,EMEA,1800.91,Unit
1,55,504606X,2,EMEA,1756.89,Unit
1,56,504606X,2,EMEA,1793.03,Unit
1,57,504606X,2,EMEA,1804.32,Unit
1,58,504606X,2,EMEA,1801.51,Unit
1,59,504606X,2,EMEA,1770.83,Unit
1,60,504606X,2,EMEA,1843.72,Unit
1,61,504606X,2,EMEA,1840.3,Unit
1,62,504606X,2,EMEA,1824.39,Unit
1,63,504606X,2,EMEA,1777.66,Unit
1,64,504606X,2,EMEA,1750.38,Unit
1,65,504606X,2,EMEA,1764.85,Unit
1,66,504606X,2,EMEA,1862.88,Unit
1,67,504606X,2,EMEA,1741.06,Unit
1,68,504606X,2,EMEA,1854.62,Unit
1,69,504606X,2,EMEA,1864.85,Unit
1,70,504606X,2,EMEA,1768.79,Unit
1,71,504606X,2,EMEA,1782.57,Unit
1,72,504606X,2,EMEA,1776.37,Unit
1,73,504606X,2,EMEA,1776.29,Unit
1,74,504606X,2,EMEA,1719.62,Unit
1,75,504606X,2,EMEA,1732.5,Unit
1,76,504606X,2,EMEA,1743.94,Unit
1,77,504606X,2,EMEA,1741.06,Unit
1,78,504606X,2,EMEA,1740.91,Unit
1,79,504606X,2,EMEA,1731.06,Unit
1,80,504606X,2,EMEA,1740,Unit
1,81,504606X,2,EMEA,1760,Unit
1,82,504606X,2,EMEA,1704.09,Unit
1,83,504606X,2,EMEA,1701.44,Unit
1,84,504606X,2,EMEA,1715.53,Unit
1,85,504606X,2,EMEA,1711.36,Unit
1,86,504606X,2,EMEA,1714.7,Unit
1,87,504606X,2,EMEA,1756.89,Unit
1,88,504606X,2,EMEA,1716.51,Unit
1,89,504606X,2,EMEA,1901.82,Unit
1,90,504606X,2,EMEA,1901.82,Unit
1,91,504606X,2,EMEA,1925.38,Unit
1,92,504606X,2,EMEA,1930.76,Unit
1,93,504606X,2,EMEA,1885,Unit
1,94,504606X,2,EMEA,1872.65,Unit
1,95,504606X,2,EMEA,1881.22,Unit
1,96,504606X,2,EMEA,1908.64,Unit
1,97,504606X,2,EMEA,1940.76,Unit
1,98,504606X,2,EMEA,1956.29,Unit
1,99,504606X,2,EMEA,2135.68,Unit
1,100,504606X,2,EMEA,2082.73,Unit
1,101,504606X,2,EMEA,2015.46,Unit
1,102,504606X,2,EMEA,2009.4,Unit
1,103,504606X,2,EMEA,1693.71,Unit
1,104,504606X,2,EMEA,1702.43,Unit
1,105,504606X,2,EMEA,1716.51,Unit
1,106,504606X,2,EMEA,1738.71,Unit
1,107,504606X,2,EMEA,1737.12,Unit
1,108,504606X,2,EMEA,1741.51,Unit
1,109,504606X,2,EMEA,1755.6,Unit
1,110,504606X,2,EMEA,1755.6,Unit
1,111,504606X,2,EMEA,1755,Unit
1,112,504606X,2,EMEA,1747.8,Unit
1,113,504606X,2,EMEA,1766.43,Unit
1,114,504606X,2,EMEA,1768.49,Unit
1,115,504606X,2,EMEA,1781.89,Unit
1,116,504606X,2,EMEA,1797.12,Unit
1,117,504606X,2,EMEA,1808.71,Unit
1,118,504606X,2,EMEA,1804.39,Unit
1,119,504606X,2,EMEA,1728.11,Unit
1,120,504606X,2,EMEA,1750.08,Unit
1,121,504606X,2,EMEA,1722.88,Unit
1,122,504606X,2,EMEA,1720.76,Unit
1,123,504606X,2,EMEA,1728.41,Unit
1,124,504606X,2,EMEA,1662.5,Unit
1,125,504606X,2,EMEA,1687.88,Unit
1,126,504606X,2,EMEA,1635.45,Unit
1,127,504606X,2,EMEA,1634.92,Unit
1,128,504606X,2,EMEA,1602.65,Unit
1,129,504606X,2,EMEA,1612.27,Unit
1,130,504606X,2,EMEA,1624.01,Unit
1,131,504606X,2,EMEA,1558.71,Unit
1,132,504606X,2,EMEA,1541.37,Unit
1,133,504606X,2,EMEA,1576.44,Unit
1,134,504606X,2,EMEA,1541.37,Unit
1,135,504606X,2,EMEA,1692.28,Unit
1,136,504606X,2,EMEA,1647.42,Unit
1,137,504606X,2,EMEA,1625.38,Unit
1,138,504606X,2,EMEA,1670,Unit
2,0,533552,2,EMEA,2103.86,Unit
2,1,533552,2,EMEA,2103.86,Unit
2,2,533552,2,EMEA,2096.29,Unit
2,3,533552,2,EMEA,2074.7,Unit
2,4,533552,2,EMEA,2065.9,Unit
2,5,533552,2,EMEA,2095.23,Unit
2,6,533552,2,EMEA,2081.29,Unit
2,7,533552,2,EMEA,2093.86,Unit
2,8,533552,2,EMEA,2004.24,Unit
2,9,533552,2,EMEA,2038.49,Unit
2,10,533552,2,EMEA,2014.55,Unit
2,11,533552,2,EMEA,2020.45,Unit
2,12,533552,2,EMEA,2022.88,Unit
2,13,533552,2,EMEA,2019.63,Unit
2,14,533552,2,EMEA,2004.17,Unit
2,15,533552,2,EMEA,2007.2,Unit
2,16,533552,2,EMEA,2024.78,Unit
2,17,533552,2,EMEA,2023.78,Unit
2,18,533552,2,EMEA,1953.34,Unit
2,19,533552,2,EMEA,1983.57,Unit
2,20,533552,2,EMEA,1983.33,Unit
2,21,533552,2,EMEA,1977.88,Unit
2,22,533552,2,EMEA,1977.95,Unit
2,23,533552,2,EMEA,1978.49,Unit
2,24,533552,2,EMEA,1953.56,Unit
2,25,533552,2,EMEA,1969.47,Unit
2,26,533552,2,EMEA,1978.49,Unit
2,27,533552,2,EMEA,1990.3,Unit
2,28,533552,2,EMEA,1997.2,Unit
2,29,533552,2,EMEA,1977.88,Unit
2,30,533552,2,EMEA,2019.4,Unit
2,31,533552,2,EMEA,2014.7,Unit
2,32,533552,2,EMEA,2008.41,Unit
2,33,533552,2,EMEA,1915.68,Unit
2,34,533552,2,EMEA,1937.2,Unit
2,35,533552,2,EMEA,1949.77,Unit
2,36,533552,2,EMEA,1941.28,Unit
2,37,533552,2,EMEA,1897.04,Unit
2,38,533552,2,EMEA,1918.86,Unit
2,39,533552,2,EMEA,1928.26,Unit
2,40,533552,2,EMEA,1900.3,Unit
2,41,533552,2,EMEA,1897.57,Unit
2,42,533552,2,EMEA,1905,Unit
2,43,533552,2,EMEA,1881.82,Unit
2,44,533552,2,EMEA,1984.78,Unit
2,45,533552,2,EMEA,1881.82,Unit
2,46,533552,2,EMEA,1921.06,Unit
2,47,533552,2,EMEA,2004.16,Unit
2,48,533552,2,EMEA,1975.53,Unit
2,49,533552,2,EMEA,1988.86,Unit
2,50,533552,2,EMEA,1955.84,Unit
2,51,533552,2,EMEA,1984.78,Unit
2,52,533552,2,EMEA,1953.49,Unit
2,53,533552,2,EMEA,1962.88,Unit
2,54,533552,2,EMEA,1965.76,Unit
2,55,533552,2,EMEA,1894.54,Unit
2,56,533552,2,EMEA,1937.5,Unit
2,57,533552,2,EMEA,1939.78,Unit
2,58,533552,2,EMEA,1947.58,Unit
2,59,533552,2,EMEA,1928.18,Unit
2,60,533552,2,EMEA,1924.39,Unit
2,61,533552,2,EMEA,1911.06,Unit
2,62,533552,2,EMEA,1900,Unit
2,63,533552,2,EMEA,1889.24,Unit
2,64,533552,2,EMEA,1873.64,Unit
2,65,533552,2,EMEA,1894.62,Unit
2,66,533552,2,EMEA,1864.09,Unit
2,67,533552,2,EMEA,1828.48,Unit
2,68,533552,2,EMEA,1838.56,Unit
2,69,533552,2,EMEA,1839.92,Unit
2,70,533552,2,EMEA,1799.09,Unit
2,71,533552,2,EMEA,1827.35,Unit
2,72,533552,2,EMEA,1827.35,Unit
2,73,533552,2,EMEA,1830.68,Unit
2,74,533552,2,EMEA,1809.16,Unit
2,75,533552,2,EMEA,1825.76,Unit
2,76,533552,2,EMEA,1824.47,Unit
2,77,533552,2,EMEA,1828.48,Unit
2,78,533552,2,EMEA,1801.06,Unit
2,79,533552,2,EMEA,1798.56,Unit
2,80,533552,2,EMEA,1827.2,Unit
2,81,533552,2,EMEA,1822.12,Unit
2,82,533552,2,EMEA,1797.12,Unit
2,83,533552,2,EMEA,1772.05,Unit
2,84,533552,2,EMEA,1789.02,Unit
2,85,533552,2,EMEA,1770.53,Unit
2,86,533552,2,EMEA,1767.88,Unit
2,87,533552,2,EMEA,1764.17,Unit
2,88,533552,2,EMEA,1752.65,Unit
2,89,533552,2,EMEA,1732.35,Unit
2,90,533552,2,EMEA,1732.35,Unit
2,91,533552,2,EMEA,1758.56,Unit
2,92,533552,2,EMEA,1747.58,Unit
2,93,533552,2,EMEA,1731.82,Unit
2,94,533552,2,EMEA,1697.04,Unit
2,95,533552,2,EMEA,1716.14,Unit
2,96,533552,2,EMEA,1695.83,Unit
2,97,533552,2,EMEA,1696.67,Unit
2,98,533552,2,EMEA,1688.87,Unit
2,99,533552,2,EMEA,1695.61,Unit
2,100,533552,2,EMEA,1711.28,Unit
2,101,533552,2,EMEA,1701.44,Unit
2,102,533552,2,EMEA,1696.13,Unit
2,103,533552,2,EMEA,1668.71,Unit
2,104,533552,2,EMEA,1746.82,Unit
2,105,533552,2,EMEA,1752.65,Unit
2,106,533552,2,EMEA,1760.69,Unit
2,107,533552,2,EMEA,1755.99,Unit
2,108,533552,2,EMEA,1721.6,Unit
2,109,533552,2,EMEA,1740.53,Unit
2,110,533552,2,EMEA,1740.53,Unit
2,111,533552,2,EMEA,1729.24,Unit
2,112,533552,2,EMEA,1683.49,Unit
2,113,533552,2,EMEA,1667.88,Unit
2,114,533552,2,EMEA,1606.97,Unit
2,115,533552,2,EMEA,1637.13,Unit
2,116,533552,2,EMEA,1634.09,Unit
2,117,533552,2,EMEA,1624.85,Unit
2,118,533552,2,EMEA,1642.35,Unit
2,119,533552,2,EMEA,1620.61,Unit
2,120,533552,2,EMEA,1641.14,Unit
2,121,533552,2,EMEA,1626.06,Unit
2,122,533552,2,EMEA,1623.79,Unit
2,123,533552,2,EMEA,1620.08,Unit
2,124,533552,2,EMEA,1600.3,Unit
2,125,533552,2,EMEA,1629.84,Unit
2,126,533552,2,EMEA,1628.49,Unit
2,127,533552,2,EMEA,1642.35,Unit
2,128,533552,2,EMEA,1615.07,Unit
2,129,533552,2,EMEA,1639.69,Unit
2,130,533552,2,EMEA,1636.82,Unit
2,131,533552,2,EMEA,1698.86,Unit
2,132,533552,2,EMEA,1684.32,Unit
2,133,533552,2,EMEA,1720.3,Unit
2,134,533552,2,EMEA,1684.32,Unit
2,135,533552,2,EMEA,1715.38,Unit
2,136,533552,2,EMEA,1705.38,Unit
2,137,533552,2,EMEA,1715.98,Unit
2,138,533552,2,EMEA,1722.65,Unit
3,0,533533A,2,EMEA,49.47,Unit
3,1,533533A,2,EMEA,49.47,Unit
3,2,533533A,2,EMEA,49.47,Unit
3,3,533533A,2,EMEA,49.47,Unit
3,4,533533A,2,EMEA,49.55,Unit
3,5,533533A,2,EMEA,51.14,Unit
3,6,533533A,2,EMEA,43.86,Unit
3,7,533533A,2,EMEA,44.85,Unit
3,8,533533A,2,EMEA,45.3,Unit
3,9,533533A,2,EMEA,45.38,Unit
3,10,533533A,2,EMEA,45.38,Unit
3,11,533533A,2,EMEA,46.14,Unit
3,12,533533A,2,EMEA,46.67,Unit
3,13,533533A,2,EMEA,46.97,Unit
3,14,533533A,2,EMEA,46.44,Unit
3,15,533533A,2,EMEA,46.97,Unit
3,16,533533A,2,EMEA,47.12,Unit
3,17,533533A,2,EMEA,47.27,Unit
3,18,533533A,2,EMEA,47.27,Unit
3,19,533533A,2,EMEA,47.27,Unit
3,20,533533A,2,EMEA,47.65,Unit
3,21,533533A,2,EMEA,47.65,Unit
3,22,533533A,2,EMEA,47.65,Unit
3,23,533533A,2,EMEA,43.26,Unit
3,24,533533A,2,EMEA,43.26,Unit
3,25,533533A,2,EMEA,43.26,Unit
3,26,533533A,2,EMEA,43.26,Unit
3,27,533533A,2,EMEA,43.86,Unit
3,28,533533A,2,EMEA,44.77,Unit
3,29,533533A,2,EMEA,32.5,Unit
3,30,533533A,2,EMEA,32.5,Unit
3,31,533533A,2,EMEA,36.29,Unit
3,32,533533A,2,EMEA,37.8,Unit
3,33,533533A,2,EMEA,38.26,Unit
3,34,533533A,2,EMEA,38.26,Unit
3,35,533533A,2,EMEA,38.79,Unit
3,36,533533A,2,EMEA,39.17,Unit
3,37,533533A,2,EMEA,32.58,Unit
3,38,533533A,2,EMEA,34.62,Unit
3,39,533533A,2,EMEA,32.2,Unit
3,40,533533A,2,EMEA,33.71,Unit
3,41,533533A,2,EMEA,33.71,Unit
3,42,533533A,2,EMEA,33.64,Unit
3,43,533533A,2,EMEA,33.64,Unit
3,44,533533A,2,EMEA,38.03,Unit
3,45,533533A,2,EMEA,33.64,Unit
3,46,533533A,2,EMEA,33.64,Unit
3,47,533533A,2,EMEA,34.02,Unit
3,48,533533A,2,EMEA,38.56,Unit
3,49,533533A,2,EMEA,38.11,Unit
3,50,533533A,2,EMEA,37.81,Unit
3,51,533533A,2,EMEA,38.03,Unit
3,52,533533A,2,EMEA,38.11,Unit
3,53,533533A,2,EMEA,37.73,Unit
3,54,533533A,2,EMEA,38.48,Unit
3,55,533533A,2,EMEA,38.26,Unit
3,56,533533A,2,EMEA,38.48,Unit
3,57,533533A,2,EMEA,38.56,Unit
3,58,533533A,2,EMEA,37.95,Unit
3,59,533533A,2,EMEA,38.41,Unit
3,60,533533A,2,EMEA,41.44,Unit
3,61,533533A,2,EMEA,41.36,Unit
3,62,533533A,2,EMEA,33.71,Unit
3,63,533533A,2,EMEA,34.39,Unit
3,64,533533A,2,EMEA,34.62,Unit
3,65,533533A,2,EMEA,36.97,Unit
3,66,533533A,2,EMEA,40.15,Unit
3,67,533533A,2,EMEA,40.76,Unit
3,68,533533A,2,EMEA,40.53,Unit
3,69,533533A,2,EMEA,41.14,Unit
3,70,533533A,2,EMEA,38.03,Unit
3,71,533533A,2,EMEA,41.52,Unit
3,72,533533A,2,EMEA,39.92,Unit
3,73,533533A,2,EMEA,38.64,Unit
3,74,533533A,2,EMEA,38.71,Unit
3,75,533533A,2,EMEA,39.54,Unit
3,76,533533A,2,EMEA,40.16,Unit
3,77,533533A,2,EMEA,40.76,Unit
3,78,533533A,2,EMEA,39.93,Unit
3,79,533533A,2,EMEA,44.16,Unit
3,80,533533A,2,EMEA,44.47,Unit
3,81,533533A,2,EMEA,44.62,Unit
3,82,533533A,2,EMEA,44.47,Unit
3,83,533533A,2,EMEA,43.48,Unit
3,84,533533A,2,EMEA,44.7,Unit
3,85,533533A,2,EMEA,45.91,Unit
3,86,533533A,2,EMEA,45.99,Unit
3,87,533533A,2,EMEA,46.06,Unit
3,88,533533A,2,EMEA,42.35,Unit
3,89,533533A,2,EMEA,45.98,Unit
3,90,533533A,2,EMEA,45.98,Unit
3,91,533533A,2,EMEA,41.74,Unit
3,92,533533A,2,EMEA,46.51,Unit
3,93,533533A,2,EMEA,47.58,Unit
3,94,533533A,2,EMEA,46.6,Unit
3,95,533533A,2,EMEA,46.6,Unit
3,96,533533A,2,EMEA,46.75,Unit
3,97,533533A,2,EMEA,42.65,Unit
3,98,533533A,2,EMEA,40.22,Unit
3,99,533533A,2,EMEA,35.23,Unit
3,100,533533A,2,EMEA,44.02,Unit
3,101,533533A,2,EMEA,44.24,Unit
3,102,533533A,2,EMEA,43.87,Unit
3,103,533533A,2,EMEA,43.86,Unit
3,104,533533A,2,EMEA,43.86,Unit
3,105,533533A,2,EMEA,42.35,Unit
3,106,533533A,2,EMEA,43.26,Unit
3,107,533533A,2,EMEA,41.82,Unit
3,108,533533A,2,EMEA,41.89,Unit
3,109,533533A,2,EMEA,41.97,Unit
3,110,533533A,2,EMEA,41.97,Unit
3,111,533533A,2,EMEA,41.97,Unit
3,112,533533A,2,EMEA,41.67,Unit
3,113,533533A,2,EMEA,36.36,Unit
3,114,533533A,2,EMEA,36.52,Unit
3,115,533533A,2,EMEA,37.12,Unit
3,116,533533A,2,EMEA,36.89,Unit
3,117,533533A,2,EMEA,36.82,Unit
3,118,533533A,2,EMEA,36.36,Unit
3,119,533533A,2,EMEA,36.74,Unit
3,120,533533A,2,EMEA,41.74,Unit
3,121,533533A,2,EMEA,41.67,Unit
3,122,533533A,2,EMEA,41.74,Unit
3,123,533533A,2,EMEA,41.21,Unit
3,124,533533A,2,EMEA,38.48,Unit
3,125,533533A,2,EMEA,39.47,Unit
3,126,533533A,2,EMEA,39.02,Unit
3,127,533533A,2,EMEA,39.09,Unit
3,128,533533A,2,EMEA,37.73,Unit
3,129,533533A,2,EMEA,38.48,Unit
3,130,533533A,2,EMEA,37.8,Unit
3,131,533533A,2,EMEA,34.92,Unit
3,132,533533A,2,EMEA,35.08,Unit
3,133,533533A,2,EMEA,35.3,Unit
3,134,533533A,2,EMEA,35.08,Unit
3,135,533533A,2,EMEA,37.65,Unit
3,136,533533A,2,EMEA,34.02,Unit
3,137,533533A,2,EMEA,34.39,Unit
3,138,533533A,2,EMEA,34.7,Unit
4,0,67003700,2,EMEA,12.17,Unit
4,1,67003700,2,EMEA,12.17,Unit
4,2,67003700,2,EMEA,11.86,Unit
4,3,67003700,2,EMEA,11.77,Unit
4,4,67003700,2,EMEA,11.38,Unit
4,5,67003700,2,EMEA,11.36,Unit
4,6,67003700,2,EMEA,11.5,Unit
4,7,67003700,2,EMEA,11.51,Unit
4,8,67003700,2,EMEA,12.17,Unit
4,9,67003700,2,EMEA,12.29,Unit
4,10,67003700,2,EMEA,11.64,Unit
4,11,67003700,2,EMEA,11.35,Unit
4,12,67003700,2,EMEA,11.53,Unit
4,13,67003700,2,EMEA,11.29,Unit
4,14,67003700,2,EMEA,11.14,Unit
4,15,67003700,2,EMEA,11.21,Unit
4,16,67003700,2,EMEA,11.2,Unit
4,17,67003700,2,EMEA,11.36,Unit
4,18,67003700,2,EMEA,11.2,Unit
4,19,67003700,2,EMEA,11.21,Unit
4,20,67003700,2,EMEA,11.08,Unit
4,21,67003700,2,EMEA,11.02,Unit
4,22,67003700,2,EMEA,11.15,Unit
4,23,67003700,2,EMEA,10.97,Unit
4,24,67003700,2,EMEA,10.76,Unit
4,25,67003700,2,EMEA,10.85,Unit
4,26,67003700,2,EMEA,10.97,Unit
4,27,67003700,2,EMEA,10.97,Unit
4,28,67003700,2,EMEA,10.94,Unit
4,29,67003700,2,EMEA,10.88,Unit
4,30,67003700,2,EMEA,11.3,Unit
4,31,67003700,2,EMEA,11.42,Unit
4,32,67003700,2,EMEA,11.56,Unit
4,33,67003700,2,EMEA,11.09,Unit
4,34,67003700,2,EMEA,11.12,Unit
4,35,67003700,2,EMEA,11.55,Unit
4,36,67003700,2,EMEA,11.61,Unit
4,37,67003700,2,EMEA,11.52,Unit
4,38,67003700,2,EMEA,11.88,Unit
4,39,67003700,2,EMEA,11.96,Unit
4,40,67003700,2,EMEA,11.97,Unit
4,41,67003700,2,EMEA,12.02,Unit
4,42,67003700,2,EMEA,12.41,Unit
4,43,67003700,2,EMEA,12.27,Unit
4,44,67003700,2,EMEA,16.82,Unit
4,45,67003700,2,EMEA,12.27,Unit
4,46,67003700,2,EMEA,13.14,Unit
4,47,67003700,2,EMEA,14.87,Unit
4,48,67003700,2,EMEA,13.56,Unit
4,49,67003700,2,EMEA,15.16,Unit
4,50,67003700,2,EMEA,15.31,Unit
4,51,67003700,2,EMEA,16.82,Unit
4,52,67003700,2,EMEA,16.88,Unit
4,53,67003700,2,EMEA,16.47,Unit
4,54,67003700,2,EMEA,16.34,Unit
4,55,67003700,2,EMEA,16.12,Unit
4,56,67003700,2,EMEA,15.33,Unit
4,57,67003700,2,EMEA,15.23,Unit
4,58,67003700,2,EMEA,15.71,Unit
4,59,67003700,2,EMEA,15.59,Unit
4,60,67003700,2,EMEA,15.58,Unit
4,61,67003700,2,EMEA,15.62,Unit
4,62,67003700,2,EMEA,15.65,Unit
4,63,67003700,2,EMEA,15.45,Unit
4,64,67003700,2,EMEA,16.08,Unit
4,65,67003700,2,EMEA,16.2,Unit
4,66,67003700,2,EMEA,16.56,Unit
4,67,67003700,2,EMEA,16.36,Unit
4,68,67003700,2,EMEA,16.59,Unit
4,69,67003700,2,EMEA,16.91,Unit
4,70,67003700,2,EMEA,17.59,Unit
4,71,67003700,2,EMEA,15.36,Unit
4,72,67003700,2,EMEA,17.07,Unit
4,73,67003700,2,EMEA,17.43,Unit
4,74,67003700,2,EMEA,14.91,Unit
4,75,67003700,2,EMEA,16.43,Unit
4,76,67003700,2,EMEA,16.55,Unit
4,77,67003700,2,EMEA,16.36,Unit
4,78,67003700,2,EMEA,17.18,Unit
4,79,67003700,2,EMEA,17.66,Unit
4,80,67003700,2,EMEA,17.81,Unit
4,81,67003700,2,EMEA,17.74,Unit
4,82,67003700,2,EMEA,16.97,Unit
4,83,67003700,2,EMEA,17.43,Unit
4,84,67003700,2,EMEA,17.55,Unit
4,85,67003700,2,EMEA,17.88,Unit
4,86,67003700,2,EMEA,17.74,Unit
4,87,67003700,2,EMEA,15.91,Unit
4,88,67003700,2,EMEA,16.73,Unit
4,89,67003700,2,EMEA,17.24,Unit
4,90,67003700,2,EMEA,17.24,Unit
4,91,67003700,2,EMEA,17.7,Unit
4,92,67003700,2,EMEA,17.45,Unit
4,93,67003700,2,EMEA,17.59,Unit
4,94,67003700,2,EMEA,17.3,Unit
4,95,67003700,2,EMEA,17.58,Unit
4,96,67003700,2,EMEA,18.02,Unit
4,97,67003700,2,EMEA,17.92,Unit
4,98,67003700,2,EMEA,17.86,Unit
4,99,67003700,2,EMEA,17.73,Unit
4,100,67003700,2,EMEA,17.73,Unit
4,101,67003700,2,EMEA,17.77,Unit
4,102,67003700,2,EMEA,17.48,Unit
4,103,67003700,2,EMEA,16.8,Unit
4,104,67003700,2,EMEA,17.03,Unit
4,105,67003700,2,EMEA,16.73,Unit
4,106,67003700,2,EMEA,17.24,Unit
4,107,67003700,2,EMEA,17.47,Unit
4,108,67003700,2,EMEA,16.98,Unit
4,109,67003700,2,EMEA,17.09,Unit
4,110,67003700,2,EMEA,17.09,Unit
4,111,67003700,2,EMEA,16.86,Unit
4,112,67003700,2,EMEA,16.92,Unit
4,113,67003700,2,EMEA,16.92,Unit
4,114,67003700,2,EMEA,15.65,Unit
4,115,67003700,2,EMEA,15.7,Unit
4,116,67003700,2,EMEA,15.48,Unit
4,117,67003700,2,EMEA,15.36,Unit
4,118,67003700,2,EMEA,15.8,Unit
4,119,67003700,2,EMEA,16.77,Unit
4,120,67003700,2,EMEA,16.85,Unit
4,121,67003700,2,EMEA,16.86,Unit
4,122,67003700,2,EMEA,16.48,Unit
4,123,67003700,2,EMEA,16.58,Unit
4,124,67003700,2,EMEA,16.7,Unit
4,125,67003700,2,EMEA,16.74,Unit
4,126,67003700,2,EMEA,16.89,Unit
4,127,67003700,2,EMEA,17.09,Unit
4,128,67003700,2,EMEA,18.06,Unit
4,129,67003700,2,EMEA,18.36,Unit
4,130,67003700,2,EMEA,18.42,Unit
4,131,67003700,2,EMEA,18.93,Unit
4,132,67003700,2,EMEA,18.15,Unit
4,133,67003700,2,EMEA,18.88,Unit
4,134,67003700,2,EMEA,18.15,Unit
4,135,67003700,2,EMEA,18.45,Unit
4,136,67003700,2,EMEA,18.56,Unit
4,137,67003700,2,EMEA,16.67,Unit
4,138,67003700,2,EMEA,16.56,Unit
5,0,534524T,2,EMEA,15.76,Unit
5,1,534524T,2,EMEA,15.76,Unit
5,2,534524T,2,EMEA,15.61,Unit
5,3,534524T,2,EMEA,15.76,Unit
5,4,534524T,2,EMEA,14.78,Unit
5,5,534524T,2,EMEA,14.92,Unit
5,6,534524T,2,EMEA,15.08,Unit
5,7,534524T,2,EMEA,14.85,Unit
5,8,534524T,2,EMEA,14.7,Unit
5,9,534524T,2,EMEA,14.92,Unit
5,10,534524T,2,EMEA,14.7,Unit
5,11,534524T,2,EMEA,14.77,Unit
5,12,534524T,2,EMEA,14.92,Unit
5,13,534524T,2,EMEA,14.25,Unit
5,14,534524T,2,EMEA,14.17,Unit
5,15,534524T,2,EMEA,13.56,Unit
5,16,534524T,2,EMEA,13.56,Unit
5,17,534524T,2,EMEA,12.96,Unit
5,18,534524T,2,EMEA,13.03,Unit
5,19,534524T,2,EMEA,13.26,Unit
5,20,534524T,2,EMEA,13.26,Unit
5,21,534524T,2,EMEA,13.33,Unit
5,22,534524T,2,EMEA,13.03,Unit
5,23,534524T,2,EMEA,11.52,Unit
5,24,534524T,2,EMEA,11.74,Unit
5,25,534524T,2,EMEA,11.82,Unit
5,26,534524T,2,EMEA,11.52,Unit
5,27,534524T,2,EMEA,11.44,Unit
5,28,534524T,2,EMEA,11.52,Unit
5,29,534524T,2,EMEA,11.29,Unit
5,30,534524T,2,EMEA,11.36,Unit
5,31,534524T,2,EMEA,11.29,Unit
5,32,534524T,2,EMEA,11.52,Unit
5,33,534524T,2,EMEA,11.29,Unit
5,34,534524T,2,EMEA,11.29,Unit
5,35,534524T,2,EMEA,11.52,Unit
5,36,534524T,2,EMEA,11.52,Unit
5,37,534524T,2,EMEA,11.52,Unit
5,38,534524T,2,EMEA,11.59,Unit
5,39,534524T,2,EMEA,11.59,Unit
5,40,534524T,2,EMEA,11.36,Unit
5,41,534524T,2,EMEA,11.52,Unit
5,42,534524T,2,EMEA,10.3,Unit
5,43,534524T,2,EMEA,9.62,Unit
5,44,534524T,2,EMEA,10.15,Unit
5,45,534524T,2,EMEA,9.62,Unit
5,46,534524T,2,EMEA,9.77,Unit
5,47,534524T,2,EMEA,9.85,Unit
5,48,534524T,2,EMEA,10.15,Unit
5,49,534524T,2,EMEA,10.15,Unit
5,50,534524T,2,EMEA,10.15,Unit
5,51,534524T,2,EMEA,10.15,Unit
5,52,534524T,2,EMEA,10.23,Unit
5,53,534524T,2,EMEA,10.53,Unit
5,54,534524T,2,EMEA,10.08,Unit
5,55,534524T,2,EMEA,9.24,Unit
5,56,534524T,2,EMEA,9.47,Unit
5,57,534524T,2,EMEA,9.17,Unit
5,58,534524T,2,EMEA,9.17,Unit
5,59,534524T,2,EMEA,9.17,Unit
5,60,534524T,2,EMEA,9.85,Unit
5,61,534524T,2,EMEA,9.7,Unit
5,62,534524T,2,EMEA,9.77,Unit
5,63,534524T,2,EMEA,9.77,Unit
5,64,534524T,2,EMEA,9.47,Unit
5,65,534524T,2,EMEA,9.77,Unit
5,66,534524T,2,EMEA,9.62,Unit
5,67,534524T,2,EMEA,8.64,Unit
5,68,534524T,2,EMEA,9.7,Unit
5,69,534524T,2,EMEA,9.62,Unit
5,70,534524T,2,EMEA,9.24,Unit
5,71,534524T,2,EMEA,9.24,Unit
5,72,534524T,2,EMEA,9.17,Unit
5,73,534524T,2,EMEA,8.79,Unit
5,74,534524T,2,EMEA,8.79,Unit
5,75,534524T,2,EMEA,8.79,Unit
5,76,534524T,2,EMEA,8.56,Unit
5,77,534524T,2,EMEA,8.64,Unit
5,78,534524T,2,EMEA,8.94,Unit
5,79,534524T,2,EMEA,8.86,Unit
5,80,534524T,2,EMEA,9.09,Unit
5,81,534524T,2,EMEA,9.02,Unit
5,82,534524T,2,EMEA,9.02,Unit
5,83,534524T,2,EMEA,9.02,Unit
5,84,534524T,2,EMEA,9.09,Unit
5,85,534524T,2,EMEA,9.02,Unit
5,86,534524T,2,EMEA,9.02,Unit
5,87,534524T,2,EMEA,9.09,Unit
5,88,534524T,2,EMEA,10.15,Unit
5,89,534524T,2,EMEA,9.02,Unit
5,90,534524T,2,EMEA,9.02,Unit
5,91,534524T,2,EMEA,9.32,Unit
5,92,534524T,2,EMEA,9.39,Unit
5,93,534524T,2,EMEA,9.55,Unit
5,94,534524T,2,EMEA,9.7,Unit
5,95,534524T,2,EMEA,9.7,Unit
5,96,534524T,2,EMEA,9.92,Unit
5,97,534524T,2,EMEA,9.92,Unit
5,98,534524T,2,EMEA,9.7,Unit
5,99,534524T,2,EMEA,9.92,Unit
5,100,534524T,2,EMEA,9.92,Unit
5,101,534524T,2,EMEA,9.85,Unit
5,102,534524T,2,EMEA,9.92,Unit
5,103,534524T,2,EMEA,10.16,Unit
5,104,534524T,2,EMEA,10.15,Unit
5,105,534524T,2,EMEA,10.15,Unit
5,106,534524T,2,EMEA,10.23,Unit
5,107,534524T,2,EMEA,10.15,Unit
5,108,534524T,2,EMEA,9.7,Unit
5,109,534524T,2,EMEA,9.85,Unit
5,110,534524T,2,EMEA,9.85,Unit
5,111,534524T,2,EMEA,9.92,Unit
5,112,534524T,2,EMEA,10.08,Unit
5,113,534524T,2,EMEA,9.7,Unit
5,114,534524T,2,EMEA,9.7,Unit
5,115,534524T,2,EMEA,10.15,Unit
5,116,534524T,2,EMEA,10.15,Unit
5,117,534524T,2,EMEA,10.15,Unit
5,118,534524T,2,EMEA,9.39,Unit
5,119,534524T,2,EMEA,10.23,Unit
5,120,534524T,2,EMEA,10.38,Unit
5,121,534524T,2,EMEA,10.23,Unit
5,122,534524T,2,EMEA,10.3,Unit
5,123,534524T,2,EMEA,10.45,Unit
5,124,534524T,2,EMEA,10.15,Unit
5,125,534524T,2,EMEA,10.15,Unit
5,126,534524T,2,EMEA,9.78,Unit
5,127,534524T,2,EMEA,10.08,Unit
5,128,534524T,2,EMEA,9.77,Unit
5,129,534524T,2,EMEA,10.08,Unit
5,130,534524T,2,EMEA,9.85,Unit
5,131,534524T,2,EMEA,9.85,Unit
5,132,534524T,2,EMEA,9.7,Unit
5,133,534524T,2,EMEA,9.62,Unit
5,134,534524T,2,EMEA,9.7,Unit
5,135,534524T,2,EMEA,10,Unit
5,136,534524T,2,EMEA,10.23,Unit
5,137,534524T,2,EMEA,10.76,Unit
5,138,534524T,2,EMEA,10.68,Unit
6,0,67208225,2,EMEA,1.04,Unit
6,1,67208225,2,EMEA,1.04,Unit
6,2,67208225,2,EMEA,1.04,Unit
6,3,67208225,2,EMEA,1.04,Unit
6,4,67208225,2,EMEA,1.2,Unit
6,5,67208225,2,EMEA,1.25,Unit
6,6,67208225,2,EMEA,1.17,Unit
6,7,67208225,2,EMEA,1.26,Unit
6,8,67208225,2,EMEA,1.33,Unit
6,9,67208225,2,EMEA,1.33,Unit
6,10,67208225,2,EMEA,1.33,Unit
6,11,67208225,2,EMEA,1.59,Unit
6,12,67208225,2,EMEA,1.6,Unit
6,13,67208225,2,EMEA,1.68,Unit
6,14,67208225,2,EMEA,1.68,Unit
6,15,67208225,2,EMEA,1.74,Unit
6,16,67208225,2,EMEA,1.74,Unit
6,17,67208225,2,EMEA,1.56,Unit
6,18,67208225,2,EMEA,1.56,Unit
6,19,67208225,2,EMEA,1.86,Unit
6,20,67208225,2,EMEA,1.74,Unit
6,21,67208225,2,EMEA,1.74,Unit
6,22,67208225,2,EMEA,1.74,Unit
6,23,67208225,2,EMEA,1.85,Unit
6,24,67208225,2,EMEA,2,Unit
6,25,67208225,2,EMEA,2.02,Unit
6,26,67208225,2,EMEA,1.85,Unit
6,27,67208225,2,EMEA,1.63,Unit
6,28,67208225,2,EMEA,1.72,Unit
6,29,67208225,2,EMEA,1.72,Unit
6,30,67208225,2,EMEA,1.79,Unit
6,31,67208225,2,EMEA,1.79,Unit
6,32,67208225,2,EMEA,1.74,Unit
6,33,67208225,2,EMEA,2.05,Unit
6,34,67208225,2,EMEA,1.88,Unit
6,35,67208225,2,EMEA,2,Unit
6,36,67208225,2,EMEA,2,Unit
6,37,67208225,2,EMEA,2.02,Unit
6,38,67208225,2,EMEA,2,Unit
6,39,67208225,2,EMEA,2.03,Unit
6,40,67208225,2,EMEA,2.03,Unit
6,41,67208225,2,EMEA,1.95,Unit
6,42,67208225,2,EMEA,1.95,Unit
6,43,67208225,2,EMEA,1.95,Unit
6,44,67208225,2,EMEA,2.33,Unit
6,45,67208225,2,EMEA,1.95,Unit
6,46,67208225,2,EMEA,1.98,Unit
6,47,67208225,2,EMEA,2.02,Unit
6,48,67208225,2,EMEA,2.03,Unit
6,49,67208225,2,EMEA,2.06,Unit
6,50,67208225,2,EMEA,2.06,Unit
6,51,67208225,2,EMEA,2.33,Unit
6,52,67208225,2,EMEA,1.94,Unit
6,53,67208225,2,EMEA,2,Unit
6,54,67208225,2,EMEA,2.03,Unit
6,55,67208225,2,EMEA,2.06,Unit
6,56,67208225,2,EMEA,2.08,Unit
6,57,67208225,2,EMEA,2.08,Unit
6,58,67208225,2,EMEA,2.08,Unit
6,59,67208225,2,EMEA,2.09,Unit
6,60,67208225,2,EMEA,2.18,Unit
6,61,67208225,2,EMEA,2.41,Unit
6,62,67208225,2,EMEA,2.41,Unit
6,63,67208225,2,EMEA,2.41,Unit
6,64,67208225,2,EMEA,2.42,Unit
6,65,67208225,2,EMEA,2.42,Unit
6,66,67208225,2,EMEA,2.42,Unit
6,67,67208225,2,EMEA,2.08,Unit
6,68,67208225,2,EMEA,2.42,Unit
6,69,67208225,2,EMEA,2.5,Unit
6,70,67208225,2,EMEA,2.2,Unit
6,71,67208225,2,EMEA,2.2,Unit
6,72,67208225,2,EMEA,2.2,Unit
6,73,67208225,2,EMEA,2.09,Unit
6,74,67208225,2,EMEA,2.08,Unit
6,75,67208225,2,EMEA,2.08,Unit
6,76,67208225,2,EMEA,2.08,Unit
6,77,67208225,2,EMEA,2.08,Unit
6,78,67208225,2,EMEA,2.02,Unit
6,79,67208225,2,EMEA,2.09,Unit
6,80,67208225,2,EMEA,2.09,Unit
6,81,67208225,2,EMEA,2.15,Unit
6,82,67208225,2,EMEA,2.18,Unit
6,83,67208225,2,EMEA,2.2,Unit
6,84,67208225,2,EMEA,2.2,Unit
6,85,67208225,2,EMEA,2.2,Unit
6,86,67208225,2,EMEA,2.23,Unit
6,87,67208225,2,EMEA,2.23,Unit
6,88,67208225,2,EMEA,1.89,Unit
6,89,67208225,2,EMEA,1.98,Unit
6,90,67208225,2,EMEA,1.98,Unit
6,91,67208225,2,EMEA,1.98,Unit
6,92,67208225,2,EMEA,1.97,Unit
6,93,67208225,2,EMEA,1.88,Unit
6,94,67208225,2,EMEA,1.79,Unit
6,95,67208225,2,EMEA,1.79,Unit
6,96,67208225,2,EMEA,1.91,Unit
6,97,67208225,2,EMEA,1.91,Unit
6,98,67208225,2,EMEA,1.92,Unit
6,99,67208225,2,EMEA,1.64,Unit
6,100,67208225,2,EMEA,2.02,Unit
6,101,67208225,2,EMEA,1.89,Unit
6,102,67208225,2,EMEA,1.89,Unit
6,103,67208225,2,EMEA,1.89,Unit
6,104,67208225,2,EMEA,1.89,Unit
6,105,67208225,2,EMEA,1.89,Unit
6,106,67208225,2,EMEA,1.86,Unit
6,107,67208225,2,EMEA,1.97,Unit
6,108,67208225,2,EMEA,2.02,Unit
6,109,67208225,2,EMEA,2.02,Unit
6,110,67208225,2,EMEA,2.02,Unit
6,111,67208225,2,EMEA,2.02,Unit
6,112,67208225,2,EMEA,1.98,Unit
6,113,67208225,2,EMEA,1.97,Unit
6,114,67208225,2,EMEA,1.95,Unit
6,115,67208225,2,EMEA,1.95,Unit
6,116,67208225,2,EMEA,1.7,Unit
6,117,67208225,2,EMEA,1.68,Unit
6,118,67208225,2,EMEA,1.65,Unit
6,119,67208225,2,EMEA,1.59,Unit
6,120,67208225,2,EMEA,1.59,Unit
6,121,67208225,2,EMEA,1.58,Unit
6,122,67208225,2,EMEA,1.65,Unit
6,123,67208225,2,EMEA,1.67,Unit
6,124,67208225,2,EMEA,1.53,Unit
6,125,67208225,2,EMEA,1.53,Unit
6,126,67208225,2,EMEA,1.53,Unit
6,127,67208225,2,EMEA,1.32,Unit
6,128,67208225,2,EMEA,1.3,Unit
6,129,67208225,2,EMEA,1.3,Unit
6,130,67208225,2,EMEA,1.3,Unit
6,131,67208225,2,EMEA,1.32,Unit
6,132,67208225,2,EMEA,1.27,Unit
6,133,67208225,2,EMEA,1.35,Unit
6,134,67208225,2,EMEA,1.27,Unit
6,135,67208225,2,EMEA,1.27,Unit
6,136,67208225,2,EMEA,1.39,Unit
6,137,67208225,2,EMEA,1.39,Unit
6,138,67208225,2,EMEA,1.39,Unit
7,0,67230100,2,EMEA,1.29,Unit
7,1,67230100,2,EMEA,1.29,Unit
7,2,67230100,2,EMEA,1.29,Unit
7,3,67230100,2,EMEA,1.29,Unit
7,4,67230100,2,EMEA,1.29,Unit
7,5,67230100,2,EMEA,1.29,Unit
7,6,67230100,2,EMEA,1.29,Unit
7,7,67230100,2,EMEA,1.29,Unit
7,8,67230100,2,EMEA,1.18,Unit
7,9,67230100,2,EMEA,1.18,Unit
7,10,67230100,2,EMEA,1.27,Unit
7,11,67230100,2,EMEA,1.27,Unit
7,12,67230100,2,EMEA,1.27,Unit
7,13,67230100,2,EMEA,1.27,Unit
7,14,67230100,2,EMEA,1.27,Unit
7,15,67230100,2,EMEA,1.35,Unit
7,16,67230100,2,EMEA,1.44,Unit
7,17,67230100,2,EMEA,1.44,Unit
7,18,67230100,2,EMEA,1.44,Unit
7,19,67230100,2,EMEA,1.44,Unit
7,20,67230100,2,EMEA,1.5,Unit
7,21,67230100,2,EMEA,1.26,Unit
7,22,67230100,2,EMEA,1.23,Unit
7,23,67230100,2,EMEA,1.29,Unit
7,24,67230100,2,EMEA,1.23,Unit
7,25,67230100,2,EMEA,1.33,Unit
7,26,67230100,2,EMEA,1.29,Unit
7,27,67230100,2,EMEA,1.42,Unit
7,28,67230100,2,EMEA,1.42,Unit
7,29,67230100,2,EMEA,1.38,Unit
7,30,67230100,2,EMEA,1.38,Unit
7,31,67230100,2,EMEA,1.38,Unit
7,32,67230100,2,EMEA,1.53,Unit
7,33,67230100,2,EMEA,1.47,Unit
7,34,67230100,2,EMEA,1.47,Unit
7,35,67230100,2,EMEA,1.5,Unit
7,36,67230100,2,EMEA,1.5,Unit
7,37,67230100,2,EMEA,1.57,Unit
7,38,67230100,2,EMEA,1.57,Unit
7,39,67230100,2,EMEA,1.54,Unit
7,40,67230100,2,EMEA,1.48,Unit
7,41,67230100,2,EMEA,1.33,Unit
7,42,67230100,2,EMEA,1.56,Unit
7,43,67230100,2,EMEA,1.55,Unit
7,44,67230100,2,EMEA,1.58,Unit
7,45,67230100,2,EMEA,1.55,Unit
7,46,67230100,2,EMEA,1.55,Unit
7,47,67230100,2,EMEA,1.55,Unit
7,48,67230100,2,EMEA,1.55,Unit
7,49,67230100,2,EMEA,1.55,Unit
7,50,67230100,2,EMEA,1.58,Unit
7,51,67230100,2,EMEA,1.58,Unit
7,52,67230100,2,EMEA,1.52,Unit
7,53,67230100,2,EMEA,1.52,Unit
7,54,67230100,2,EMEA,1.52,Unit
7,55,67230100,2,EMEA,1.61,Unit
7,56,67230100,2,EMEA,1.61,Unit
7,57,67230100,2,EMEA,1.53,Unit
7,58,67230100,2,EMEA,1.53,Unit
7,59,67230100,2,EMEA,1.59,Unit
7,60,67230100,2,EMEA,1.5,Unit
7,61,67230100,2,EMEA,1.5,Unit
7,62,67230100,2,EMEA,1.44,Unit
7,63,67230100,2,EMEA,1.44,Unit
7,64,67230100,2,EMEA,1.44,Unit
7,65,67230100,2,EMEA,1.44,Unit
7,66,67230100,2,EMEA,1.53,Unit
7,67,67230100,2,EMEA,1.3,Unit
7,68,67230100,2,EMEA,1.42,Unit
7,69,67230100,2,EMEA,1.42,Unit
7,70,67230100,2,EMEA,1.36,Unit
7,71,67230100,2,EMEA,1.36,Unit
7,72,67230100,2,EMEA,1.36,Unit
7,73,67230100,2,EMEA,1.42,Unit
7,74,67230100,2,EMEA,1.39,Unit
7,75,67230100,2,EMEA,1.39,Unit
7,76,67230100,2,EMEA,1.39,Unit
7,77,67230100,2,EMEA,1.3,Unit
7,78,67230100,2,EMEA,1.3,Unit
7,79,67230100,2,EMEA,1.36,Unit
7,80,67230100,2,EMEA,1.36,Unit
7,81,67230100,2,EMEA,1.35,Unit
7,82,67230100,2,EMEA,1.26,Unit
7,83,67230100,2,EMEA,1.27,Unit
7,84,67230100,2,EMEA,1.27,Unit
7,85,67230100,2,EMEA,1.27,Unit
7,86,67230100,2,EMEA,1.26,Unit
7,87,67230100,2,EMEA,1.26,Unit
7,88,67230100,2,EMEA,1.44,Unit
7,89,67230100,2,EMEA,1.32,Unit
7,90,67230100,2,EMEA,1.32,Unit
7,91,67230100,2,EMEA,1.45,Unit
7,92,67230100,2,EMEA,1.35,Unit
7,93,67230100,2,EMEA,1.21,Unit
7,94,67230100,2,EMEA,1.2,Unit
7,95,67230100,2,EMEA,1.29,Unit
7,96,67230100,2,EMEA,1.29,Unit
7,97,67230100,2,EMEA,1.29,Unit
7,98,67230100,2,EMEA,1.18,Unit
7,99,67230100,2,EMEA,1.26,Unit
7,100,67230100,2,EMEA,1.27,Unit
7,101,67230100,2,EMEA,1.27,Unit
7,102,67230100,2,EMEA,1.27,Unit
7,103,67230100,2,EMEA,1.35,Unit
7,104,67230100,2,EMEA,1.41,Unit
7,105,67230100,2,EMEA,1.44,Unit
7,106,67230100,2,EMEA,1.48,Unit
7,107,67230100,2,EMEA,1.48,Unit
7,108,67230100,2,EMEA,1.32,Unit
7,109,67230100,2,EMEA,1.32,Unit
7,110,67230100,2,EMEA,1.32,Unit
7,111,67230100,2,EMEA,1.32,Unit
7,112,67230100,2,EMEA,1.41,Unit
7,113,67230100,2,EMEA,1.41,Unit
7,114,67230100,2,EMEA,1.32,Unit
7,115,67230100,2,EMEA,1.33,Unit
7,116,67230100,2,EMEA,1.39,Unit
7,117,67230100,2,EMEA,1.39,Unit
7,118,67230100,2,EMEA,1.39,Unit
7,119,67230100,2,EMEA,1.39,Unit
7,120,67230100,2,EMEA,1.47,Unit
7,121,67230100,2,EMEA,1.47,Unit
7,122,67230100,2,EMEA,1.39,Unit
7,123,67230100,2,EMEA,1.5,Unit
7,124,67230100,2,EMEA,1.45,Unit
7,125,67230100,2,EMEA,1.45,Unit
7,126,67230100,2,EMEA,1.45,Unit
7,127,67230100,2,EMEA,1.55,Unit
7,128,67230100,2,EMEA,1.55,Unit
7,129,67230100,2,EMEA,1.63,Unit
7,130,67230100,2,EMEA,1.62,Unit
7,131,67230100,2,EMEA,1.53,Unit
7,132,67230100,2,EMEA,1.53,Unit
7,133,67230100,2,EMEA,1.53,Unit
7,134,67230100,2,EMEA,1.53,Unit
7,135,67230100,2,EMEA,1.69,Unit
7,136,67230100,2,EMEA,1.69,Unit
7,137,67230100,2,EMEA,1.64,Unit
7,138,67230100,2,EMEA,1.62,Unit
8,0,4400802S,2,EMEA,4.85,Unit
8,1,4400802S,2,EMEA,4.85,Unit
8,2,4400802S,2,EMEA,5.02,Unit
8,3,4400802S,2,EMEA,5.02,Unit
8,4,4400802S,2,EMEA,4.7,Unit
8,5,4400802S,2,EMEA,4.7,Unit
8,6,4400802S,2,EMEA,4.52,Unit
8,7,4400802S,2,EMEA,4.73,Unit
8,8,4400802S,2,EMEA,4.58,Unit
8,9,4400802S,2,EMEA,4.61,Unit
8,10,4400802S,2,EMEA,4.61,Unit
8,11,4400802S,2,EMEA,4.61,Unit
8,12,4400802S,2,EMEA,4.65,Unit
8,13,4400802S,2,EMEA,4.45,Unit
8,14,4400802S,2,EMEA,4.42,Unit
8,15,4400802S,2,EMEA,4.45,Unit
8,16,4400802S,2,EMEA,4.44,Unit
8,17,4400802S,2,EMEA,4.45,Unit
8,18,4400802S,2,EMEA,4.47,Unit
8,19,4400802S,2,EMEA,4.53,Unit
8,20,4400802S,2,EMEA,4.33,Unit
8,21,4400802S,2,EMEA,4.33,Unit
8,22,4400802S,2,EMEA,4.38,Unit
8,23,4400802S,2,EMEA,4.58,Unit
8,24,4400802S,2,EMEA,4.41,Unit
8,25,4400802S,2,EMEA,4.45,Unit
8,26,4400802S,2,EMEA,4.58,Unit
8,27,4400802S,2,EMEA,4.55,Unit
8,28,4400802S,2,EMEA,4.71,Unit
8,29,4400802S,2,EMEA,4.38,Unit
8,30,4400802S,2,EMEA,4.42,Unit
8,31,4400802S,2,EMEA,4.39,Unit
8,32,4400802S,2,EMEA,4.3,Unit
8,33,4400802S,2,EMEA,4.27,Unit
8,34,4400802S,2,EMEA,4.33,Unit
8,35,4400802S,2,EMEA,4.17,Unit
8,36,4400802S,2,EMEA,4.26,Unit
8,37,4400802S,2,EMEA,4.26,Unit
8,38,4400802S,2,EMEA,4.26,Unit
8,39,4400802S,2,EMEA,4.2,Unit
8,40,4400802S,2,EMEA,4.21,Unit
8,41,4400802S,2,EMEA,4.24,Unit
8,42,4400802S,2,EMEA,4.32,Unit
8,43,4400802S,2,EMEA,4.32,Unit
8,44,4400802S,2,EMEA,4.21,Unit
8,45,4400802S,2,EMEA,4.32,Unit
8,46,4400802S,2,EMEA,4.32,Unit
8,47,4400802S,2,EMEA,4.32,Unit
8,48,4400802S,2,EMEA,4.3,Unit
8,49,4400802S,2,EMEA,4.36,Unit
8,50,4400802S,2,EMEA,4.2,Unit
8,51,4400802S,2,EMEA,4.21,Unit
8,52,4400802S,2,EMEA,4.39,Unit
8,53,4400802S,2,EMEA,4.45,Unit
8,54,4400802S,2,EMEA,4.46,Unit
8,55,4400802S,2,EMEA,4.36,Unit
8,56,4400802S,2,EMEA,4.5,Unit
8,57,4400802S,2,EMEA,4.47,Unit
8,58,4400802S,2,EMEA,4.7,Unit
8,59,4400802S,2,EMEA,4.59,Unit
8,60,4400802S,2,EMEA,4.7,Unit
8,61,4400802S,2,EMEA,4.92,Unit
8,62,4400802S,2,EMEA,4.98,Unit
8,63,4400802S,2,EMEA,4.98,Unit
8,64,4400802S,2,EMEA,4.91,Unit
8,65,4400802S,2,EMEA,4.97,Unit
8,66,4400802S,2,EMEA,5.15,Unit
8,67,4400802S,2,EMEA,4.89,Unit
8,68,4400802S,2,EMEA,5.11,Unit
8,69,4400802S,2,EMEA,4.89,Unit
8,70,4400802S,2,EMEA,4.88,Unit
8,71,4400802S,2,EMEA,4.89,Unit
8,72,4400802S,2,EMEA,4.89,Unit
8,73,4400802S,2,EMEA,4.98,Unit
8,74,4400802S,2,EMEA,4.76,Unit
8,75,4400802S,2,EMEA,4.79,Unit
8,76,4400802S,2,EMEA,4.92,Unit
8,77,4400802S,2,EMEA,4.89,Unit
8,78,4400802S,2,EMEA,5,Unit
8,79,4400802S,2,EMEA,4.91,Unit
8,80,4400802S,2,EMEA,4.97,Unit
8,81,4400802S,2,EMEA,4.94,Unit
8,82,4400802S,2,EMEA,5.09,Unit
8,83,4400802S,2,EMEA,4.95,Unit
8,84,4400802S,2,EMEA,4.95,Unit
8,85,4400802S,2,EMEA,4.94,Unit
8,86,4400802S,2,EMEA,5.35,Unit
8,87,4400802S,2,EMEA,5.27,Unit
8,88,4400802S,2,EMEA,4.33,Unit
8,89,4400802S,2,EMEA,5.14,Unit
8,90,4400802S,2,EMEA,5.14,Unit
8,91,4400802S,2,EMEA,5.29,Unit
8,92,4400802S,2,EMEA,5.17,Unit
8,93,4400802S,2,EMEA,5.26,Unit
8,94,4400802S,2,EMEA,5.03,Unit
8,95,4400802S,2,EMEA,5.03,Unit
8,96,4400802S,2,EMEA,5.02,Unit
8,97,4400802S,2,EMEA,4.97,Unit
8,98,4400802S,2,EMEA,4.95,Unit
8,99,4400802S,2,EMEA,4.53,Unit
8,100,4400802S,2,EMEA,4.47,Unit
8,101,4400802S,2,EMEA,4.45,Unit
8,102,4400802S,2,EMEA,4.41,Unit
8,103,4400802S,2,EMEA,4.21,Unit
8,104,4400802S,2,EMEA,4.3,Unit
8,105,4400802S,2,EMEA,4.33,Unit
8,106,4400802S,2,EMEA,4.32,Unit
8,107,4400802S,2,EMEA,4.35,Unit
8,108,4400802S,2,EMEA,4.2,Unit
8,109,4400802S,2,EMEA,4.24,Unit
8,110,4400802S,2,EMEA,4.24,Unit
8,111,4400802S,2,EMEA,4.27,Unit
8,112,4400802S,2,EMEA,4.27,Unit
8,113,4400802S,2,EMEA,4.32,Unit
8,114,4400802S,2,EMEA,4.24,Unit
8,115,4400802S,2,EMEA,4.39,Unit
8,116,4400802S,2,EMEA,4.53,Unit
8,117,4400802S,2,EMEA,4.34,Unit
8,118,4400802S,2,EMEA,4.3,Unit
8,119,4400802S,2,EMEA,4.29,Unit
8,120,4400802S,2,EMEA,4.32,Unit
8,121,4400802S,2,EMEA,4.26,Unit
8,122,4400802S,2,EMEA,4.26,Unit
8,123,4400802S,2,EMEA,4.06,Unit
8,124,4400802S,2,EMEA,3.94,Unit
8,125,4400802S,2,EMEA,3.94,Unit
8,126,4400802S,2,EMEA,3.79,Unit
8,127,4400802S,2,EMEA,3.42,Unit
8,128,4400802S,2,EMEA,3.35,Unit
8,129,4400802S,2,EMEA,3.44,Unit
8,130,4400802S,2,EMEA,3.35,Unit
8,131,4400802S,2,EMEA,3.42,Unit
8,132,4400802S,2,EMEA,3.44,Unit
8,133,4400802S,2,EMEA,3.45,Unit
8,134,4400802S,2,EMEA,3.44,Unit
8,135,4400802S,2,EMEA,3.44,Unit
8,136,4400802S,2,EMEA,4.12,Unit
8,137,4400802S,2,EMEA,4.23,Unit
8,138,4400802S,2,EMEA,4.23,Unit
